city_id,band,importance,primary_chapter,chapters,era_kit,fullsize,mode
city_beijing,ming,capital,ch05,ch05;ch06;ch07,ming_north,yes,study
city_kaifeng,ming,capital,ch05,ch05;ch06;ch07,ming_north,no,study
city_luoyang,ming,capital,ch05,ch05;ch06;ch07,ming_north,no,study
city_datong,ming,capital,ch05,ch05;ch06;ch07,ming_north,no,study
city_yinchuan,ming,capital,ch05,ch05;ch06;ch07,ming_north,no,study
city_shenyang,ming,capital,ch05,ch05;ch06;ch07,ming_north,no,study
city_tianjin,ming,major,ch05,ch05;ch06;ch07,ming_north,no,study
city_baoding,ming,major,ch05,ch05;ch06;ch07,ming_north,no,study
city_zhengding,ming,major,ch05,ch05;ch06;ch07,ming_north,no,study
city_cangzhou,ming,major,ch05,ch05;ch06;ch07,ming_north,no,study
city_zhangjiakou,ming,major,ch05,ch05;ch06;ch07,ming_north,no,study
city_shanhaiguan,ming,major,ch05,ch05;ch06;ch07,ming_north,no,study
city_zhengzhou,ming,major,ch05,ch05;ch06;ch07,ming_north,no,study
city_dengfeng,ming,major,ch05,ch05;ch06;ch07,ming_north,no,study
city_anyang,ming,major,ch05,ch05;ch06;ch07,ming_north,no,study
city_shangqiu,ming,major,ch05,ch05;ch06;ch07,ming_north,no,study
city_nanyang,ming,major,ch05,ch05;ch06;ch07,ming_north,no,study
city_xinyang,ming,major,ch05,ch05;ch06;ch07,ming_north,no,study
city_xian,ming,major,ch05,ch05;ch06;ch07,ming_north,no,study
city_huayin,ming,major,ch05,ch05;ch06;ch07,ming_north,no,study
city_baoji,ming,major,ch05,ch05;ch06;ch07,ming_north,no,study
city_yanan,ming,major,ch05,ch05;ch06;ch07,ming_north,no,study
city_yulin,ming,major,ch05,ch05;ch06;ch07,ming_north,no,study
city_taiyuan,ming,major,ch05,ch05;ch06;ch07,ming_north,no,study
city_yuncheng,ming,major,ch05,ch05;ch06;ch07,ming_north,no,study
city_linfen,ming,major,ch05,ch05;ch06;ch07,ming_north,no,study
city_changzhi,ming,major,ch05,ch05;ch06;ch07,ming_north,no,study
city_shuozhou,ming,major,ch05,ch05;ch06;ch07,ming_north,no,study
city_jinan,ming,major,ch05,ch05;ch06;ch07,ming_north,no,study
city_qufu,ming,major,ch05,ch05;ch06;ch07,ming_north,no,study
city_taian,ming,major,ch05,ch05;ch06;ch07,ming_north,no,study
