city_id,chapter_id,effective_band,primary_chapter,importance,status,history_path,spec_path,asset_dir,reason
city_hejian,ch10,tang_702,ch10,secondary,complete_candidate,history/city_hejian__tang_702.md,city_hejian__ch10.yaml,assets/default/town/city_hejian__ch10,通用推定格局完整生成、严格校验与联系表目检通过；历史坐标未逐城复原
city_qinhuangdao,ch10,tang_702,ch10,secondary,complete_candidate,history/city_qinhuangdao__tang_702.md,city_qinhuangdao__ch10.yaml,assets/default/town/city_qinhuangdao__ch10,通用推定格局完整生成、严格校验与联系表目检通过；历史坐标未逐城复原
city_tangshan,ch10,tang_702,ch10,secondary,complete_candidate,history/city_tangshan__tang_702.md,city_tangshan__ch10.yaml,assets/default/town/city_tangshan__ch10,通用推定格局完整生成、严格校验与联系表目检通过；历史坐标未逐城复原
city_xinxiang,ch10,tang_702,ch10,secondary,complete_candidate,history/city_xinxiang__tang_702.md,city_xinxiang__ch10.yaml,assets/default/town/city_xinxiang__ch10,通用推定格局完整生成、严格校验与联系表目检通过；历史坐标未逐城复原
city_jiaozuo,ch10,tang_702,ch10,secondary,complete_candidate,history/city_jiaozuo__tang_702.md,city_jiaozuo__ch10.yaml,assets/default/town/city_jiaozuo__ch10,通用推定格局完整生成、严格校验与联系表目检通过；历史坐标未逐城复原
city_xuchang,ch10,tang_702,ch10,secondary,complete_candidate,history/city_xuchang__tang_702.md,city_xuchang__ch10.yaml,assets/default/town/city_xuchang__ch10,通用推定格局完整生成、严格校验与联系表目检通过；历史坐标未逐城复原
city_pingdingshan,ch10,tang_702,ch10,secondary,complete_candidate,history/city_pingdingshan__tang_702.md,city_pingdingshan__ch10.yaml,assets/default/town/city_pingdingshan__ch10,通用推定格局完整生成、严格校验与联系表目检通过；历史坐标未逐城复原
city_xianyang,ch10,tang_702,ch10,secondary,complete_candidate,history/city_xianyang__tang_702.md,city_xianyang__ch10.yaml,assets/default/town/city_xianyang__ch10,通用推定格局完整生成、严格校验与联系表目检通过；历史坐标未逐城复原
city_weinan,ch10,tang_702,ch10,secondary,complete_candidate,history/city_weinan__tang_702.md,city_weinan__ch10.yaml,assets/default/town/city_weinan__ch10,通用推定格局完整生成、严格校验与联系表目检通过；历史坐标未逐城复原
city_ankang,ch10,tang_702,ch10,secondary,complete_candidate,history/city_ankang__tang_702.md,city_ankang__ch10.yaml,assets/default/town/city_ankang__ch10,通用推定格局完整生成、严格校验与联系表目检通过；历史坐标未逐城复原
city_shangluo,ch10,tang_702,ch10,secondary,complete_candidate,history/city_shangluo__tang_702.md,city_shangluo__ch10.yaml,assets/default/town/city_shangluo__ch10,通用推定格局完整生成、严格校验与联系表目检通过；历史坐标未逐城复原
city_pingyao,ch10,tang_702,ch10,secondary,complete_candidate,history/city_pingyao__tang_702.md,city_pingyao__ch10.yaml,assets/default/town/city_pingyao__ch10,通用推定格局完整生成、严格校验与联系表目检通过；历史坐标未逐城复原
city_xinzhou,ch10,tang_702,ch10,secondary,complete_candidate,history/city_xinzhou__tang_702.md,city_xinzhou__ch10.yaml,assets/default/town/city_xinzhou__ch10,通用推定格局完整生成、严格校验与联系表目检通过；历史坐标未逐城复原
city_jincheng,ch10,tang_702,ch10,secondary,complete_candidate,history/city_jincheng__tang_702.md,city_jincheng__ch10.yaml,assets/default/town/city_jincheng__ch10,通用推定格局完整生成、严格校验与联系表目检通过；历史坐标未逐城复原
city_liaocheng,ch10,tang_702,ch10,secondary,complete_candidate,history/city_liaocheng__tang_702.md,city_liaocheng__ch10.yaml,assets/default/town/city_liaocheng__ch10,通用推定格局完整生成、严格校验与联系表目检通过；历史坐标未逐城复原
city_linyi,ch10,tang_702,ch10,secondary,complete_candidate,history/city_linyi__tang_702.md,city_linyi__ch10.yaml,assets/default/town/city_linyi__ch10,通用推定格局完整生成、严格校验与联系表目检通过；历史坐标未逐城复原
city_weihai,ch10,tang_702,ch10,secondary,complete_candidate,history/city_weihai__tang_702.md,city_weihai__ch10.yaml,assets/default/town/city_weihai__ch10,通用推定格局完整生成、严格校验与联系表目检通过；历史坐标未逐城复原
city_zibo,ch10,tang_702,ch10,secondary,complete_candidate,history/city_zibo__tang_702.md,city_zibo__ch10.yaml,assets/default/town/city_zibo__ch10,通用推定格局完整生成、严格校验与联系表目检通过；历史坐标未逐城复原
city_dongping,ch10,tang_702,ch10,secondary,complete_candidate,history/city_dongping__tang_702.md,city_dongping__ch10.yaml,assets/default/town/city_dongping__ch10,通用推定格局完整生成、严格校验与联系表目检通过；历史坐标未逐城复原
city_lianyungang,ch10,tang_702,ch10,secondary,complete_candidate,history/city_lianyungang__tang_702.md,city_lianyungang__ch10.yaml,assets/default/town/city_lianyungang__ch10,通用推定格局完整生成、严格校验与联系表目检通过；历史坐标未逐城复原
city_fuyang,ch10,tang_702,ch10,secondary,complete_candidate,history/city_fuyang__tang_702.md,city_fuyang__ch10.yaml,assets/default/town/city_fuyang__ch10,通用推定格局完整生成、严格校验与联系表目检通过；历史坐标未逐城复原
city_jinhua,ch10,tang_702,ch10,secondary,complete_candidate,history/city_jinhua__tang_702.md,city_jinhua__ch10.yaml,assets/default/town/city_jinhua__ch10,通用推定格局完整生成、严格校验与联系表目检通过；历史坐标未逐城复原
city_quzhou,ch10,tang_702,ch10,secondary,complete_candidate,history/city_quzhou__tang_702.md,city_quzhou__ch10.yaml,assets/default/town/city_quzhou__ch10,通用推定格局完整生成、严格校验与联系表目检通过；历史坐标未逐城复原
city_huzhou,ch10,tang_702,ch10,secondary,complete_candidate,history/city_huzhou__tang_702.md,city_huzhou__ch10.yaml,assets/default/town/city_huzhou__ch10,通用推定格局完整生成、严格校验与联系表目检通过；历史坐标未逐城复原
city_changzhou,ch10,tang_702,ch10,secondary,complete_candidate,history/city_changzhou__tang_702.md,city_changzhou__ch10.yaml,assets/default/town/city_changzhou__ch10,通用推定格局完整生成、严格校验与联系表目检通过；历史坐标未逐城复原
city_wuyishan,ch10,tang_702,ch10,secondary,complete_candidate,history/city_wuyishan__tang_702.md,city_wuyishan__ch10.yaml,assets/default/town/city_wuyishan__ch10,通用推定格局完整生成、严格校验与联系表目检通过；历史坐标未逐城复原
city_shangrao,ch10,tang_702,ch10,secondary,complete_candidate,history/city_shangrao__tang_702.md,city_shangrao__ch10.yaml,assets/default/town/city_shangrao__ch10,通用推定格局完整生成、严格校验与联系表目检通过；历史坐标未逐城复原
city_chenzhou,ch10,tang_702,ch10,secondary,complete_candidate,history/city_chenzhou__tang_702.md,city_chenzhou__ch10.yaml,assets/default/town/city_chenzhou__ch10,通用推定格局完整生成、严格校验与联系表目检通过；历史坐标未逐城复原
city_enshi,ch10,tang_702,ch10,secondary,complete_candidate,history/city_enshi__tang_702.md,city_enshi__ch10.yaml,assets/default/town/city_enshi__ch10,通用推定格局完整生成、严格校验与联系表目检通过；历史坐标未逐城复原
city_chenzhou_yuanling,ch10,tang_702,ch10,secondary,complete_candidate,history/city_chenzhou_yuanling__tang_702.md,city_chenzhou_yuanling__ch10.yaml,assets/default/town/city_chenzhou_yuanling__ch10,通用推定格局完整生成、严格校验与联系表目检通过；历史坐标未逐城复原
city_jingmen,ch10,tang_702,ch10,secondary,complete_candidate,history/city_jingmen__tang_702.md,city_jingmen__ch10.yaml,assets/default/town/city_jingmen__ch10,通用推定格局完整生成、严格校验与联系表目检通过；历史坐标未逐城复原
city_shaoguan,ch10,tang_702,ch10,secondary,complete_candidate,history/city_shaoguan__tang_702.md,city_shaoguan__ch10.yaml,assets/default/town/city_shaoguan__ch10,通用推定格局完整生成、严格校验与联系表目检通过；历史坐标未逐城复原
city_sanya,ch10,tang_702,ch10,secondary,complete_candidate,history/city_sanya__tang_702.md,city_sanya__ch10.yaml,assets/default/town/city_sanya__ch10,通用推定格局完整生成、严格校验与联系表目检通过；历史坐标未逐城复原
city_meishan,ch10,tang_702,ch10,secondary,complete_candidate,history/city_meishan__tang_702.md,city_meishan__ch10.yaml,assets/default/town/city_meishan__ch10,通用推定格局完整生成、严格校验与联系表目检通过；历史坐标未逐城复原
city_yaan,ch10,tang_702,ch10,secondary,complete_candidate,history/city_yaan__tang_702.md,city_yaan__ch10.yaml,assets/default/town/city_yaan__ch10,通用推定格局完整生成、严格校验与联系表目检通过；历史坐标未逐城复原
city_dazhou,ch10,tang_702,ch10,secondary,complete_candidate,history/city_dazhou__tang_702.md,city_dazhou__ch10.yaml,assets/default/town/city_dazhou__ch10,通用推定格局完整生成、严格校验与联系表目检通过；历史坐标未逐城复原
city_bazhong,ch10,tang_702,ch10,secondary,complete_candidate,history/city_bazhong__tang_702.md,city_bazhong__ch10.yaml,assets/default/town/city_bazhong__ch10,通用推定格局完整生成、严格校验与联系表目检通过；历史坐标未逐城复原
city_langzhong,ch10,tang_702,ch10,secondary,complete_candidate,history/city_langzhong__tang_702.md,city_langzhong__ch10.yaml,assets/default/town/city_langzhong__ch10,通用推定格局完整生成、严格校验与联系表目检通过；历史坐标未逐城复原
city_zunyi,ch10,tang_702,ch10,secondary,complete_candidate,history/city_zunyi__tang_702.md,city_zunyi__ch10.yaml,assets/default/town/city_zunyi__ch10,通用推定格局完整生成、严格校验与联系表目检通过；历史坐标未逐城复原
city_jinghong,ch10,tang_702,ch10,secondary,complete_candidate,history/city_jinghong__tang_702.md,city_jinghong__ch10.yaml,assets/default/town/city_jinghong__ch10,通用推定格局完整生成、严格校验与联系表目检通过；历史坐标未逐城复原
city_xingcheng,ch10,tang_702,ch10,secondary,complete_candidate,history/city_xingcheng__tang_702.md,city_xingcheng__ch10.yaml,assets/default/town/city_xingcheng__ch10,通用推定格局完整生成、严格校验与联系表目检通过；历史坐标未逐城复原
city_mohe,ch10,tang_702,ch10,secondary,complete_candidate,history/city_mohe__tang_702.md,city_mohe__ch10.yaml,assets/default/town/city_mohe__ch10,通用推定格局完整生成、严格校验与联系表目检通过；历史坐标未逐城复原
city_baotou,ch10,tang_702,ch10,secondary,complete_candidate,history/city_baotou__tang_702.md,city_baotou__ch10.yaml,assets/default/town/city_baotou__ch10,通用推定格局完整生成、严格校验与联系表目检通过；历史坐标未逐城复原
city_taohuadao,ch10,tang_702,ch10,site,complete_candidate,history/city_taohuadao__tang_702.md,city_taohuadao__ch10.yaml,assets/default/town/city_taohuadao__ch10,通用推定格局完整生成、严格校验与联系表目检通过；历史坐标未逐城复原
city_gyantse,ch10,tang_702,ch10,secondary,complete_candidate,history/city_gyantse__tang_702.md,city_gyantse__ch10.yaml,assets/default/town/city_gyantse__ch10,通用推定格局完整生成、严格校验与联系表目检通过；历史坐标未逐城复原
city_yushu,ch10,tang_702,ch10,secondary,complete_candidate,history/city_yushu__tang_702.md,city_yushu__ch10.yaml,assets/default/town/city_yushu__ch10,通用推定格局完整生成、严格校验与联系表目检通过；历史坐标未逐城复原
city_altay,ch10,tang_702,ch10,secondary,complete_candidate,history/city_altay__tang_702.md,city_altay__ch10.yaml,assets/default/town/city_altay__ch10,通用推定格局完整生成、严格校验与联系表目检通过；历史坐标未逐城复原
city_khotan_kunlun,ch10,tang_702,ch10,site,complete_candidate,history/city_khotan_kunlun__tang_702.md,city_khotan_kunlun__ch10.yaml,assets/default/town/city_khotan_kunlun__ch10,通用推定格局完整生成、严格校验与联系表目检通过；历史坐标未逐城复原
