city_id,chapter_id,effective_band,primary_chapter,importance,status,history_path,spec_path,asset_dir,reason
city_qufu,ch02,southern_song_jin_mongol,ch02,major,complete_candidate,history/city_qufu__southern_song_jin_mongol.md,city_qufu__ch02.yaml,assets/default/town/city_qufu__ch02,县治与街署关系有市志依据；交付为明确标注推定的历史拓扑候选。
city_qufu,ch03,southern_song_jin_mongol,ch02,major,complete_candidate,history/city_qufu__southern_song_jin_mongol.md,city_qufu__ch03.yaml,assets/default/town/city_qufu__ch03,县治与街署关系有市志依据；交付为明确标注推定的历史拓扑候选。
city_taian,ch02,southern_song_jin_mongol,ch02,major,complete_candidate,history/city_taian__southern_song_jin_mongol.md,city_taian__ch02.yaml,assets/default/town/city_taian__ch02,岱庙锚点可信；外围街墙作明确推定。
city_taian,ch03,southern_song_jin_mongol,ch02,major,complete_candidate,history/city_taian__southern_song_jin_mongol.md,city_taian__ch03.yaml,assets/default/town/city_taian__ch03,岱庙锚点可信；外围街墙作明确推定。
city_qingzhou,ch02,southern_song_jin_mongol,ch02,major,complete_candidate,history/city_qingzhou__southern_song_jin_mongol.md,city_qingzhou__ch02.yaml,assets/default/town/city_qingzhou__ch02,南阳城与北河关系可靠，城垣与街区缺同期控制点。
city_qingzhou,ch03,southern_song_jin_mongol,ch02,major,complete_candidate,history/city_qingzhou__southern_song_jin_mongol.md,city_qingzhou__ch03.yaml,assets/default/town/city_qingzhou__ch03,南阳城与北河关系可靠，城垣与街区缺同期控制点。
city_dezhou,ch02,southern_song_jin_mongol,ch02,major,complete_candidate,history/city_dezhou__southern_song_jin_mongol.md,city_dezhou__ch02.yaml,assets/default/town/city_dezhou__ch02,州治位置得到校正；金代墙街无实测图，按推定完成候选。
city_dezhou,ch03,southern_song_jin_mongol,ch02,major,complete_candidate,history/city_dezhou__southern_song_jin_mongol.md,city_dezhou__ch03.yaml,assets/default/town/city_dezhou__ch03,州治位置得到校正；金代墙街无实测图，按推定完成候选。
city_penglai,ch02,southern_song_jin_mongol,ch02,major,complete_candidate,history/city_penglai__southern_song_jin_mongol.md,city_penglai__ch02.yaml,assets/default/town/city_penglai__ch02,宋代港湾关系和明水城排除有志书记载；州城细节推定。
city_penglai,ch03,southern_song_jin_mongol,ch02,major,complete_candidate,history/city_penglai__southern_song_jin_mongol.md,city_penglai__ch03.yaml,assets/default/town/city_penglai__ch03,宋代港湾关系和明水城排除有志书记载；州城细节推定。
city_lanzhou,ch02,southern_song_jin_mongol,ch02,major,partial_candidate,history/city_lanzhou__southern_song_jin_mongol.md,city_lanzhou__ch02.yaml,assets/default/town/city_lanzhou__ch02,仅取得一条弱正文来源，历史置信不足，按partial候选交付。
city_lanzhou,ch03,southern_song_jin_mongol,ch02,major,partial_candidate,history/city_lanzhou__southern_song_jin_mongol.md,city_lanzhou__ch03.yaml,assets/default/town/city_lanzhou__ch03,仅取得一条弱正文来源，历史置信不足，按partial候选交付。
city_tianshui,ch02,southern_song_jin_mongol,ch02,major,complete_candidate,history/city_tianshui__southern_song_jin_mongol.md,city_tianshui__ch02.yaml,assets/default/town/city_tianshui__ch02,已看宋城演变图；三城关系有据，金代沿用范围为推定。
city_tianshui,ch03,southern_song_jin_mongol,ch02,major,complete_candidate,history/city_tianshui__southern_song_jin_mongol.md,city_tianshui__ch03.yaml,assets/default/town/city_tianshui__ch03,已看宋城演变图；三城关系有据，金代沿用范围为推定。
city_wuwei,ch02,southern_song_jin_mongol,ch02,major,complete_candidate,history/city_wuwei__southern_song_jin_mongol.md,city_wuwei__ch02.yaml,assets/default/town/city_wuwei__ch02,有学术地域研究；西夏确切轮廓不明，按逐项推定候选交付。
city_wuwei,ch03,southern_song_jin_mongol,ch02,major,complete_candidate,history/city_wuwei__southern_song_jin_mongol.md,city_wuwei__ch03.yaml,assets/default/town/city_wuwei__ch03,有学术地域研究；西夏确切轮廓不明，按逐项推定候选交付。
city_zhangye,ch02,southern_song_jin_mongol,ch02,major,complete_candidate,history/city_zhangye__southern_song_jin_mongol.md,city_zhangye__ch02.yaml,assets/default/town/city_zhangye__ch02,寺院始建与城内西南方位可信；其余几何明确推定。
city_zhangye,ch03,southern_song_jin_mongol,ch02,major,complete_candidate,history/city_zhangye__southern_song_jin_mongol.md,city_zhangye__ch03.yaml,assets/default/town/city_zhangye__ch03,寺院始建与城内西南方位可信；其余几何明确推定。
city_jiuquan,ch02,southern_song_jin_mongol,ch02,major,partial_candidate,history/city_jiuquan__southern_song_jin_mongol.md,city_jiuquan__ch02.yaml,assets/default/town/city_jiuquan__ch02,学术正文明确整体格局不详，按partial候选交付。
city_jiuquan,ch03,southern_song_jin_mongol,ch02,major,partial_candidate,history/city_jiuquan__southern_song_jin_mongol.md,city_jiuquan__ch03.yaml,assets/default/town/city_jiuquan__ch03,学术正文明确整体格局不详，按partial候选交付。
city_pingliang,ch02,southern_song_jin_mongol,ch02,major,complete_candidate,history/city_pingliang__southern_song_jin_mongol.md,city_pingliang__ch02.yaml,assets/default/town/city_pingliang__ch02,名称有原始史籍公开文本；无城形材料，清楚标注全部几何推定。
city_pingliang,ch03,southern_song_jin_mongol,ch02,major,complete_candidate,history/city_pingliang__southern_song_jin_mongol.md,city_pingliang__ch03.yaml,assets/default/town/city_pingliang__ch03,名称有原始史籍公开文本；无城形材料，清楚标注全部几何推定。
city_dunhuang,ch02,southern_song_jin_mongol,ch02,major,partial_candidate,history/city_dunhuang__southern_song_jin_mongol.md,city_dunhuang__ch02.yaml,assets/default/town/city_dunhuang__ch02,官方正文获取失败，辅助词条且尺寸疑错，按partial候选交付。
city_dunhuang,ch03,southern_song_jin_mongol,ch02,major,partial_candidate,history/city_dunhuang__southern_song_jin_mongol.md,city_dunhuang__ch03.yaml,assets/default/town/city_dunhuang__ch03,官方正文获取失败，辅助词条且尺寸疑错，按partial候选交付。
city_zhongwei,ch02,southern_song_jin_mongol,ch02,major,complete_candidate,history/city_zhongwei__southern_song_jin_mongol.md,city_zhongwei__ch02.yaml,assets/default/town/city_zhongwei__ch02,沿革可靠，县城轮廓按地域一般格局推定。
city_zhongwei,ch03,southern_song_jin_mongol,ch02,major,complete_candidate,history/city_zhongwei__southern_song_jin_mongol.md,city_zhongwei__ch03.yaml,assets/default/town/city_zhongwei__ch03,沿革可靠，县城轮廓按地域一般格局推定。
city_xining,ch02,southern_song_jin_mongol,ch02,major,complete_candidate,history/city_xining__southern_song_jin_mongol.md,city_xining__ch02.yaml,assets/default/town/city_xining__ch02,旧记两城、八门、河北南城关系明确；跨年代沿用标为推定。
city_xining,ch03,southern_song_jin_mongol,ch02,major,complete_candidate,history/city_xining__southern_song_jin_mongol.md,city_xining__ch03.yaml,assets/default/town/city_xining__ch03,旧记两城、八门、河北南城关系明确；跨年代沿用标为推定。
city_liaoyang,ch02,southern_song_jin_mongol,ch02,major,complete_candidate,history/city_liaoyang__southern_song_jin_mongol.md,city_liaoyang__ch02.yaml,assets/default/town/city_liaoyang__ch02,内外城与南北市场有史料概述，宫区位置门数未知。
city_liaoyang,ch03,southern_song_jin_mongol,ch02,major,complete_candidate,history/city_liaoyang__southern_song_jin_mongol.md,city_liaoyang__ch03.yaml,assets/default/town/city_liaoyang__ch03,内外城与南北市场有史料概述，宫区位置门数未知。
city_dandong,ch02,southern_song_jin_mongol,ch02,major,partial_candidate,history/city_dandong__southern_song_jin_mongol.md,city_dandong__ch02.yaml,assets/default/town/city_dandong__ch02,府址对应与单期城垣不够明确，按partial交付。
city_dandong,ch03,southern_song_jin_mongol,ch02,major,partial_candidate,history/city_dandong__southern_song_jin_mongol.md,city_dandong__ch03.yaml,assets/default/town/city_dandong__ch03,府址对应与单期城垣不够明确，按partial交付。
city_jilin,ch02,southern_song_jin_mongol,ch02,major,partial_candidate,history/city_jilin__southern_song_jin_mongol.md,city_jilin__ch02.yaml,assets/default/town/city_jilin__ch02,只有多期层位证据，无可证1217城廓，按partial交付无墙聚落。
city_jilin,ch03,southern_song_jin_mongol,ch02,major,partial_candidate,history/city_jilin__southern_song_jin_mongol.md,city_jilin__ch03.yaml,assets/default/town/city_jilin__ch03,只有多期层位证据，无可证1217城廓，按partial交付无墙聚落。
city_jinzhou,ch02,southern_song_jin_mongol,ch02,major,complete_candidate,history/city_jinzhou__southern_song_jin_mongol.md,city_jinzhou__ch02.yaml,assets/default/town/city_jinzhou__ch02,辽塔年代和金纺织背景有官方正文，整体城形推定。
city_jinzhou,ch03,southern_song_jin_mongol,ch02,major,complete_candidate,history/city_jinzhou__southern_song_jin_mongol.md,city_jinzhou__ch03.yaml,assets/default/town/city_jinzhou__ch03,辽塔年代和金纺织背景有官方正文，整体城形推定。
city_chifeng,ch02,southern_song_jin_mongol,ch02,major,partial_candidate,history/city_chifeng__southern_song_jin_mongol.md,city_chifeng__ch02.yaml,assets/default/town/city_chifeng__ch02,地方史与上游临潢府故地冲突，按partial交付并报告。
city_chifeng,ch03,southern_song_jin_mongol,ch02,major,partial_candidate,history/city_chifeng__southern_song_jin_mongol.md,city_chifeng__ch03.yaml,assets/default/town/city_chifeng__ch03,地方史与上游临潢府故地冲突，按partial交付并报告。
city_hohhot,ch02,southern_song_jin_mongol,ch02,major,complete_candidate,history/city_hohhot__southern_song_jin_mongol.md,city_hohhot__ch02.yaml,assets/default/town/city_hohhot__ch02,城形、三门与四坊有正文依据；塔具体城内方位仍推定。
city_hohhot,ch03,southern_song_jin_mongol,ch02,major,complete_candidate,history/city_hohhot__southern_song_jin_mongol.md,city_hohhot__ch03.yaml,assets/default/town/city_hohhot__ch03,城形、三门与四坊有正文依据；塔具体城内方位仍推定。
city_ordos,ch02,southern_song_jin_mongol,ch02,major,partial_candidate,history/city_ordos__southern_song_jin_mongol.md,city_ordos__ch02.yaml,assets/default/town/city_ordos__ch02,缺少现代ID对应的唯一古城，按partial无墙区域营地交付。
city_ordos,ch03,southern_song_jin_mongol,ch02,major,partial_candidate,history/city_ordos__southern_song_jin_mongol.md,city_ordos__ch03.yaml,assets/default/town/city_ordos__ch03,缺少现代ID对应的唯一古城，按partial无墙区域营地交付。
city_xilinhot,ch02,southern_song_jin_mongol,ch02,major,partial_candidate,history/city_xilinhot__southern_song_jin_mongol.md,city_xilinhot__ch02.yaml,assets/default/town/city_xilinhot__ch02,只有后期城市起源证据，按partial无墙草原营地交付。
city_xilinhot,ch03,southern_song_jin_mongol,ch02,major,partial_candidate,history/city_xilinhot__southern_song_jin_mongol.md,city_xilinhot__ch03.yaml,assets/default/town/city_xilinhot__ch03,只有后期城市起源证据，按partial无墙草原营地交付。
city_karakorum,ch02,southern_song_jin_mongol,ch02,capital,partial_candidate,history/city_karakorum__southern_song_jin_mongol.md,city_karakorum__ch02.yaml,assets/default/town/city_karakorum__ch02,学术与考古来源强；营地确址/几何少，主图按partial候选交付，ch03补有出处的成熟城差量。
city_karakorum,ch03,southern_song_jin_mongol,ch02,capital,partial_candidate,history/city_karakorum__southern_song_jin_mongol.md,city_karakorum__ch03.yaml,assets/default/town/city_karakorum__ch03,学术与考古来源强；营地确址/几何少，主图按partial候选交付，ch03补有出处的成熟城差量。
city_kunming,ch02,southern_song_jin_mongol,ch02,capital,complete_candidate,history/city_kunming__southern_song_jin_mongol.md,city_kunming__ch02.yaml,assets/default/town/city_kunming__ch02,博物馆研究明确两河城域；墙线与礼制轴转为道路均标推定/原创。
city_kunming,ch03,southern_song_jin_mongol,ch02,capital,complete_candidate,history/city_kunming__southern_song_jin_mongol.md,city_kunming__ch03.yaml,assets/default/town/city_kunming__ch03,博物馆研究明确两河城域；墙线与礼制轴转为道路均标推定/原创。
city_dali,ch02,southern_song_jin_mongol,ch02,capital,complete_candidate,history/city_dali__southern_song_jin_mongol.md,city_dali__ch02.yaml,assets/default/town/city_dali__ch02,北墙和山湖关系有考古及学术支撑；全城范围仍为推定候选。
city_dali,ch03,southern_song_jin_mongol,ch02,capital,complete_candidate,history/city_dali__southern_song_jin_mongol.md,city_dali__ch03.yaml,assets/default/town/city_dali__ch03,北墙和山湖关系有考古及学术支撑；全城范围仍为推定候选。
city_baoshan,ch02,southern_song_jin_mongol,ch02,major,complete_candidate,history/city_baoshan__southern_song_jin_mongol.md,city_baoshan__ch02.yaml,assets/default/town/city_baoshan__ch02,城址延续及西山关系有学术地名考证；具体墙线和门位为候选。
city_baoshan,ch03,southern_song_jin_mongol,ch02,major,complete_candidate,history/city_baoshan__southern_song_jin_mongol.md,city_baoshan__ch03.yaml,assets/default/town/city_baoshan__ch03,城址延续及西山关系有学术地名考证；具体墙线和门位为候选。
city_lijiang,ch02,southern_song_jin_mongol,ch02,major,complete_candidate,history/city_lijiang__southern_song_jin_mongol.md,city_lijiang__ch02.yaml,assets/default/town/city_lijiang__ch02,政治中心与迁移方向有官方报告；具体1217聚落边界、水网、桥梁均推定。
city_lijiang,ch03,southern_song_jin_mongol,ch02,major,complete_candidate,history/city_lijiang__southern_song_jin_mongol.md,city_lijiang__ch03.yaml,assets/default/town/city_lijiang__ch03,政治中心与迁移方向有官方报告；具体1217聚落边界、水网、桥梁均推定。
city_tengchong,ch02,southern_song_jin_mongol,ch02,major,partial_candidate,history/city_tengchong__southern_song_jin_mongol.md,city_tengchong__ch02.yaml,assets/default/town/city_tengchong__ch02,两来源对区域土城有据，具体旧治同址关系未核，partial交付。
city_tengchong,ch03,southern_song_jin_mongol,ch02,major,partial_candidate,history/city_tengchong__southern_song_jin_mongol.md,city_tengchong__ch03.yaml,assets/default/town/city_tengchong__ch03,两来源对区域土城有据，具体旧治同址关系未核，partial交付。
city_qujing,ch02,southern_song_jin_mongol,ch02,major,partial_candidate,history/city_qujing__southern_song_jin_mongol.md,city_qujing__ch02.yaml,assets/default/town/city_qujing__ch02,仅一篇纪实汇述，多种城址距离冲突未裁定，partial交付。
city_qujing,ch03,southern_song_jin_mongol,ch02,major,partial_candidate,history/city_qujing__southern_song_jin_mongol.md,city_qujing__ch03.yaml,assets/default/town/city_qujing__ch03,仅一篇纪实汇述，多种城址距离冲突未裁定，partial交付。
