scene	walkable	valid	arena_cells	peaceful_steps	doors	sha256_tmj	sha256_preview
sc_00_changbai_cave	42	70	0	-	0	f01b5c651a709f1ec5e8b31517ef97db43b6e63de7c8ee51205b06be6afd3922	55b6648817e15b6b41f618bb5803e1314a9a553040703b1bb72933da905e53df
sc_10_fengshi_feiyi	1137	1342	0	-	1	2a93c4f43dd73c0940890b1933ff348d130d2ece03e589ed2957375a56543d5c	0f7c5821552bb5215ee1beab0a85e205055cb877fe58dc8fe3040fe66e3fb62e
sc_10_tieyan_caopo	1237	1394	0	-	1	fc9fe239d86acdeb8d62683a9fea2ae34e0805ed866f91687da15234adec184c	a4ab154956d85ae0644842774265e15d966e6e51507585cf3708300a9a2de9e9
sc_10_gaochang_migong	2352	3325	49	186	1	4e4aa20edaccec3725f97340ff6b3abba8a6398a9f327c6711c5005e4aca2aef	00f3dd5c5532c6f6f61f996dc9037e062df476c56951fea129afbb8996d3b003
sc_10_gaochang_inner	1061	1397	49	64	1	c38132b70a791382def3fa8f404ffcf8817537887252f87326b2da49a29422d1	e27839938d6a978235e7c2ef659e6c42c23c61ee165387eae310b6ad65e29ee2
sc_10_jiubiao_cang	697	931	49	48	0	5e81feb0b3a2042ab7298ce90aeee8d3bfee5ef4335a2ca77fdbe8fe94660ec8	f5b896cf17cb139431be2167de43145dd802e88b6359dfced557143bb63596d0
sc_01_langhuanfudi	1097	1464	49	73	0	b183d06d7f48fd70387f587e53662e22bfb982c9f4c95f8bec0f8de854f1d6ca	41100d18ae8e829408c24f7fb397fe5138088d55dc88575f6269625886417635
sc_01_bingjiao	1116	1468	49	72	0	ab6ddbfb56776a2c536f71e8e539c87d3bc9d8de6e6926b35a3c47de0c971be9	cd2522d4efebe213f2c3fb499ad31f7230c25325e74cc41c5b0e1b1d517da8c9
sc_01_jiufengsui	1786	1958	49	47	0	8fc522624d11ec2bd90b1410b16837d1e054432e08209f3b44683d5b34edeecf	24ad5c59595a2b8c3b0fc4a2c9816f1b29ac39095cd4b4047b82b561966efdea
sc_01_guanwaijuya	870	1191	49	64	0	5b29ea04b780d8aa99fff398bdaf239b546acfae4f0fbf49d37aa3f5428a1960	830bc28733e4840673bff25b4409c688e0d331f53723cb53f8645c3d5ee3d0c4
sc_01_sihoubinggu	2457	2662	49	64	0	c438d04a7b4874e520cd694f100484363abbdf40c9e55d2156ff331b8b281257	6a58059b3020c99d0b413218413f730670e7a9bdb95bcab28cfc7751ca3847d2
sc_02_niujia_jiudian	935	1237	49	62	0	3fef4b365a8002bef866d0cc0350a75b90fc01ed6f9c8c6639ad08e2883c40bd	719f1f08dc9d2cabc7aab841caf948211f906565214a23501d02aa1fec3f1699
sc_02_tieqiangmiao	1250	1530	49	46	0	542b2428bf462d3f7a2a66a0f593396ac8c336ca0aa77b9930e5b25a8ea76455	3793e13fe12e69cd7c5d7a8782ff2e2cf37289c983d12858c0dca1fa75cbdf9c
sc_02_zhoubotong_dong	724	980	49	44	0	0f08b304e317d22e6e5c9df936c0f42f3052062a4c63e83b3a3a277b91974cde	421060aca0b2bdd4f197802e8bec5c50b589cced8028cf4faaa9352b0ef3c560
sc_02_tiezhangfeng	1080	1492	49	79	0	d8c58ddbd24ae36dad8484e4a37557119d3aa018587105e6b6a94b48228c6a1f	ff5eb58f4f9d7fa16f0774b4017397a7c0c8d8ab331fa121747589dddad6abbe
sc_02_taohua_qimenzhen	2914	3146	49	60	0	171ef6ee8615b4f8ead2e2f255d0868b75c01a1fcd85f6ffc31218635a9d9047	ed964a26d07a80e1b25cb16b2d5c5b739c9c5882667f44e724028e237569ec11
sc_03_zhongnan_gumu	1909	2572	49	103	0	f42ca6b79681d71723f910e411b72cd306e16b27195149e0c0bc6e6aa0e7c8c5	dc843f9639140d14bfc01a6ab71845baecb533aeb42847d48b1d2540684a70f9
sc_03_jueqinggu	3497	3943	49	71	1	2622845eea15e07fd3993d0b53ddc538f5ae8b2b052399e9219532230655af5d	1e3dd0e5282a1e83f1f465984d8bdc15f13f2b7e73670b74c766f35bdf6d2434
sc_03_duanchangya	2693	3012	49	58	1	ee85b493514e1d298ad5cbe24df1175e02fd004ed04fef79c9246ea2e84449f5	64ed267a70795e9c4530355fb0113fccfc83ac64dfce721ca06b45bdecf139f8
sc_03_jianzhong	2697	2920	49	63	0	11265d63e051a163e36c43cbf2e7e638c06cd859913c0926c9e67caf58cb3cff	266ec7bb3bfdd60aa6bf95303d24a1bf8bc3aedda26df304744f491ebb02dae7
sc_03_xiangyang_anchannel	1047	1483	49	88	0	52b01edc445548b31eca1bec873e63381b4fe6642136039cd741ebd50d0a941e	0abd5b7791a587871f13f53ff618118118fe73b2384f18f72776a8be02a8a194
sc_04_qingyuan_wreck	1925	2138	49	46	0	cef291a06e2dc823fac5d8e142064441b20c04ca1d1c17e91e7dcb9a8c94e29a	e8f878dc7cbcb516968973040d8ee3f427f516ae7a6f2bdd51721887dc64f53f
sc_04_guangming_tunnel	1862	2483	49	103	0	78ac05db0bd06625f9e27fb10665fadc2ca2429b0fdc8853af7f453859eab762	cb8405de3eaa9c2c72baf9ee4b4b5068d701350063eca89edef0d86b7fa61c01
sc_04_jiuyang_valley	2919	3211	49	61	0	ed743a8807af70379398ec5f56bac5d7eb9ec8b01d3b5aa1e3eab27f05d187eb	87f3ae0578b96f0394d896212ea9cfbd9fa9135425263181a0ca1b53057f3172
sc_04_binghuo_cave	1123	1553	49	88	0	765c24de8ada8d4f1dc993b67f63e73fcf284784626576c981d538d5701e48fe	59ddf862fb53b691d2e6ae27c7340b087c005d61bfe70cde5fa5e0ba7a18f815
sc_04_wangpanshan_ruins	2679	2895	49	61	0	229c46f3cc024e03a2491175025adc63839b609b4d044a03824ef717716e9704	493e31dc77938def6cc3b8f79e04bd9f72d04609cc9f194e9e9e2f1ee9ddfdff
sc_04_xiangyang_ruins	2898	3205	49	61	0	c5d3eda4aa7265b240fda8ad99f1315a8224f8f0aea439c5b3b98bfa60ee4ab4	e7c2aa476731648463440c20d8513ae067c65dfa09029f64d17e4cc66f532b81
sc_05_siguoya	1761	1949	49	59	1	56a959f86c7daa7776f59a1b86bf55218901780571a37d02ce5d9dbeef86b47e	6b5a7baed89983b95e65b8aa6ed694a9f407ca56783a2bd31d0d8cc64da140bd
sc_05_huashan_houdong	1120	1580	49	94	1	291d9e9e111e0da826b9a6a40e95ea0d0173286f900ed3af8c35a8db126b478e	6208b03d8ab7f1882cd2395318819e656aeca7887ec0d6f75b6e696e27dd1eb2
sc_05_yaowangmiao	1793	2219	49	56	0	a47b4f317a7d10b734a439e949794518eae8b2db237cec1ab8280e9bf56981f4	ad6c891798b17ccd62772c2f9dddcddbf9323da52d06a1687e37052f842c44fd
sc_05_meizhuang_dilao	1312	1812	49	81	0	39796e41649b574fe17ca846f4d650e58569a58f14af1b1f684dc602006e332f	622c202a79822c1a312c64d3ad66ba73afa97c0eb4f3c60d3d3baab128b8cfc1
sc_05_taihu_jiuzhuang	1271	1681	49	92	0	468d7334138b00393445e6a09aa13d31353458179a0e9308e4080998aa9b39f5	3ef51ad295464ef2153fe1da173c48c924957bc8728f1aee1c9d7a215df1ddb8
sc_06_xiakedao_shishi	2923	4519	0	104	0	dc4b9648f2dd5eca71375359537acffc007b651b99d9925120a1ecf6707f01c8	f2f6f4bdec2261595857c96f3447fc728076034116b2580c244c3a76e40f9d91
sc_06_dinghai_chaodong	1079	1446	49	86	0	1ac83dd38914f5b2d018d49dfa9fa9dd427dce346650662608dd3e6a4797e46d	36cf3803eef85718439232363db51169f2d8625899870e120e01209f3620713e
sc_07_lingnan_yizhan	948	1253	49	68	0	93a42f1b7a1c49f42a3317b7e109f5da5ced30bd4649e4cbd3ddb7f2521eb4a3	af80eecc2fbe333e0f82fdff6e1d795483d1c9ea1cea648ea944e013082f5df5
sc_07_jinshedong	1140	1576	49	97	0	d419f3b0dc1d58a5de3e20ae7167188bf589c7ee7d2fa1c640a68ee88e307d82	adb99a2cac412573e232abd230db9aba176ca401c9b7dec650e01f2901e2f881
sc_07_kujin_didao	1313	1758	49	101	0	5fcaab4e64a098ffdecbdd933b2bbd8e7f30d42fa72d488e3c4dd47790e91db0	be51bb5c25c9033aaf4c7eb6a9a83860b04b72e4f41a47d9aff12f5eda07dff9
sc_08_ludingshan_kuangdao	1232	1815	49	111	0	4f444cd8b24dcc69f2999c42ffbf706b594405d05018c9b468d3aee5b59134ce	bb955593089d1d74ae0f1b41a33a97f85fdb4d8c6fa3b0a0d3422bef7a8df797
sc_08_shenlongdao_sheku	1106	1559	49	100	0	00d90251c15a4e5cdb63e6115ecc708ac9b2561c0f859ddbf48f68dbed4eb707	716ac9c52bc0ff1e0c44774ca0d5de8b2b6530358d981e7e84342019b6264513
sc_09_tianningsi	1407	1846	49	86	0	509e8560ec6179b170105024da39b168be3bb4cd1f945f7a9a477ffe6fb9e434	e1b6101b95c15dc0e3d9dcb8868f2bedfd091c4f6f2a128656046dd674d5fed8
sc_09_xuegu_rukou	2108	2350	49	85	1	ccd99a88ef9aca65dda8adce8f7f11e4566337ded4e2d80a5343b55f265d1df1	0cc23f380ef17408f2c532e374409808e727cb56f5bc31578e2b3dff1394702f
sc_09_xuegu	3658	4126	49	110	2	8cb61fe49607fa96b53a5aeca115c0da196723ad44b3bcf7b2a5a32d6f062ad0	5ad93ee5b67a32caa85718f9bc01e7f294bbf3a8eaeeb56559a5df184a5a4327
sc_09_xuegu_shandong	882	1191	49	70	1	6dd84d829b9a4e960c20cb56162355ea473105ddc1a770cc428870cddb8b4d2f	ee4c7ea578379ad1b66f986018425a1925e05c84c7e69d11a7f3b311058d407d
sc_09_qijia_laowu	919	1229	49	61	0	12b3e8503ca21e01c4dadacdcc23e7d9c793a80e530fefb9ef7abd67e09cc40f	77c80c1e4ea97b3488fcf406df426ba206e3ecbdbec2918507e526b2ed6ba6b3
sc_11_zizhunan	1311	1639	49	45	0	e22e87dc4580c668976bf960366ef6d9ff886bebdf576668989232dd6226c299	bb98ae0aaa7ad0f1aaa0b2a48b8217a646c37afb96d56ec3e31940449be1de39
sc_11_zhongtiaoshan	2740	2970	49	61	0	cf338be97734119f22b96ae7d703e6c5ddb063232188ddbd156d9d96dc6e4983	774cec8418db9c6d53b74dac2961b9d75e03b98191aa56cff8efb174ce4f19c5
sc_12_yufeng_midong	1141	1584	49	85	0	f0ad0c9794452fc47606e9655a77bbd29c5e7f56fe91ea78c30984ee9238e9e3	b9639c0f9ed0e8cd11c451e05e60428faebbe7c70d9955099e0bcb5d933a5200
sc_12_lanyang_shifosi	1635	2012	49	88	0	6755d8e6120378db946fcfdcb05bc47f45b8aa47d3424c44189b5285e7240112	2b4bf9c411f0ce6b9a701236372bbf71446ac7cadd4e118180d69dfab5230b69
sc_12_shacheng	4173	4565	49	73	0	be845388d7b8e8db6cc9d3395569b04c30d657618f5ae3b935386fce0ac79a30	50f37eb39d5dd9d0f41a1d992ad37f16232af20d6db936c67c0e01881f2bf4db
sc_13_fengyugumiao	1532	1890	49	52	0	fe0ab98fe2b956d7099dc0ba3ba4af13334bbda2f69763ce0336c72fff9d7aae	ac7ce5183c81b16c6e598f48665057e1a3bdb57496701bb13fd68f58298f1ed3
sc_13_huyidaomu	2986	3236	49	61	0	aecd87152a98220b43bbc93ec9264bb6918ad36d978a281e101916850b936e94	3ab5668182b91dd7b238a8b6792e185bc4582487d844cb31c827b6f016d3a81d
sc_13_yaowanggu	4118	4387	49	73	0	ec64c1ccc5d087f74d70f5c77210daa02a16ad22c7c002b5f0bb6722c9e7226c	2063c1a8ec33ccb4a2e423a217a84a18d648d0af6975bd914a58e10bf52f5d4b
sc_14_chuangwang_vault	1583	2159	49	101	0	2aff772cba991b88efc482dcff074a5aa541366ef5465f05b5b2c84e48657d2e	e9b7f348508e12149c7656e7d13c47f7e4e465adbc99350b2729f0ff029164f7
sc_10_wushui_shalu	3262	3521	49	74	0	d3aa2a87a4c66416a43a63869fe57322f7a91f4cfc5d1958bc5cfe22d897fa05	13613525fbb9ee5b4661a1db1ccbaa06eaf2a9c72d7f3167b8e8e9c01c06e3d3
sc_10_qingzang_yaolu	1030	1390	49	71	0	4e12eeca8573977370a21d1e0f9f9cd51718401a7b0d23152081391c8ce4d935	9c55bcc2c296ff65f42332d13c515dac2d4db6c3e3b78834ed838d8ebf0fb0f7
sc_03_cangshan_yinzheju	1131	1515	49	74	0	b1fd41621d3ae42d827e95a47941cfa5bf0d3587809f44c4bcd03ecd8447833d	05ae8028fae4def6d2c64787301b73c174306b05ba8331b84f25e53bc82569c2
