book	scene	region	title	type	size	tier	peripheral_groups	total_rooms_or_zones	map	preview	source	notes
yuenv	sc_00_changbai_cave	rg_dongbei	长白山雪穴	雪穴	10x8	微型	0	1	content/world/regions/rg_dongbei/sc_00_changbai_cave.tmj	content/world/regions/rg_dongbei/sc_00_changbai_cave.preview.png	docs/design/chapters/00-yuenv.md:66	（原创扩展）序章 §2.2：10×8；无岔路、战斗、拾取；初眠事务决定离场。
baima	sc_10_fengshi_feiyi	rg_xiyu_beijiang	风蚀废驿	废驿	48x32	微型	0	2	content/world/regions/rg_xiyu_beijiang/sc_10_fengshi_feiyi.tmj	content/world/regions/rg_xiyu_beijiang/sc_10_fengshi_feiyi.preview.png	docs/design/chapters/10-baima.md:113	（原创扩展）白马 §2.2：48×32；12×10 安全院；东口对话软锁交 CONTENT-ch10。
baima	sc_10_tieyan_caopo	rg_xiyu_beijiang	铁延草坡	草坡	64x40	微型	2	4	content/world/regions/rg_xiyu_beijiang/sc_10_tieyan_caopo.tmj	content/world/regions/rg_xiyu_beijiang/sc_10_tieyan_caopo.preview.png	docs/design/chapters/10-baima.md:128	（原创扩展）白马 §2.2：64×40；三顶毡帐用室内地块标位；M1 不投战斗奖励。
baima	sc_10_gaochang_migong	rg_xiyu_beijiang	高昌迷宫外环	荒漠迷宫	96x80	标准	3	5	content/world/regions/rg_xiyu_beijiang/sc_10_gaochang_migong.tmj	content/world/regions/rg_xiyu_beijiang/sc_10_gaochang_migong.preview.png	docs/design/chapters/10-baima.md:272	（原创扩展）土坯直角巷、折返环与边路；核心谜题及奖励挂点交白马内容。
baima	sc_10_gaochang_inner	rg_xiyu_beijiang	高昌迷宫内殿	地宫	64x64	微型	2	4	content/world/regions/rg_xiyu_beijiang/sc_10_gaochang_inner.tmj	content/world/regions/rg_xiyu_beijiang/sc_10_gaochang_inner.preview.png	docs/design/chapters/10-baima.md:273	（原创扩展）两侧室、中央静室与回返环；奖励为旧物调查，掉落由章节绑定。
baima	sc_10_jiubiao_cang	rg_hedong_jinzhong	晋威旧仓	旧仓地窖	48x40	微型	1	3	content/world/regions/rg_hedong_jinzhong/sc_10_jiubiao_cang.tmj	content/world/regions/rg_hedong_jinzhong/sc_10_jiubiao_cang.preview.png	docs/design/chapters/10-baima.md:275	（原创扩展）唐代旧账仓；不将兼容键 jiubiao 画为清代镖局制式。
tianlong	sc_01_langhuanfudi	rg_dali_cangshan	无量山·琅嬛福地	湖畔岩窟	80x64	标准	2	5	content/world/regions/rg_dali_cangshan/sc_01_langhuanfudi.tmj	content/world/regions/rg_dali_cangshan/sc_01_langhuanfudi.preview.png	docs/design/chapters/01-tianlong.md:209	（原创扩展）与曼陀山庄琅嬛玉洞分开；玉像与卷轴只标调查位。
tianlong	sc_01_bingjiao	rg_xixia_helan	西夏冰窖	冰窖	64x56	微型	2	4	content/world/regions/rg_xixia_helan/sc_01_bingjiao.tmj	content/world/regions/rg_xixia_helan/sc_01_bingjiao.preview.png	docs/design/chapters/01-tianlong.md:214	（原创扩展）人工储冰分仓，外廊绕行；无守卫复活或抢宝设定。
tianlong	sc_01_jiufengsui	rg_hedong_jinzhong	旧烽燧	废垒	64x56	微型	2	4	content/world/regions/rg_hedong_jinzhong/sc_01_jiufengsui.tmj	content/world/regions/rg_hedong_jinzhong/sc_01_jiufengsui.preview.png	docs/design/chapters/01-tianlong.md:213	（原创扩展）山脊残垣与烽火台基；调查军迹。
tianlong	sc_01_guanwaijuya	rg_hedong_jinzhong	关外崖壁侧洞	崖侧岩洞	64x64	微型	2	4	content/world/regions/rg_hedong_jinzhong/sc_01_guanwaijuya.tmj	content/world/regions/rg_hedong_jinzhong/sc_01_guanwaijuya.preview.png	docs/design/chapters/01-tianlong.md:213	（原创扩展）一命换一命休眠镜头挂点；崖洞朝向仅原创空间组织。
tianlong	sc_01_sihoubinggu	rg_qingzang	寺后冰谷	雪谷	80x64	标准	2	8	content/world/regions/rg_qingzang/sc_01_sihoubinggu.tmj	content/world/regions/rg_qingzang/sc_01_sihoubinggu.preview.png	docs/design/chapters/01-tianlong.md:215	（原创扩展）冰蚀谷与侧向干石路，不要求踏冰或飞跃。
shediao	sc_02_niujia_jiudian	rg_jiangnan_taihu	牛家村酒店旧窖	旧窖	64x48	微型	1	3	content/world/regions/rg_jiangnan_taihu/sc_02_niujia_jiudian.tmj	content/world/regions/rg_jiangnan_taihu/sc_02_niujia_jiudian.preview.png	docs/design/chapters/02-shediao.md:80	（原创扩展）酒店与旧窖同层展开；不新增曲三旧窖场景 ID。
shediao	sc_02_tieqiangmiao	rg_jiangnan_taihu	铁枪庙	废寺	64x56	微型	2	4	content/world/regions/rg_jiangnan_taihu/sc_02_tieqiangmiao.tmj	content/world/regions/rg_jiangnan_taihu/sc_02_tieqiangmiao.preview.png	docs/design/chapters/02-shediao.md:114	（原创扩展）残院、侧廊与正殿；证词调查不默认掘墓。
shediao	sc_02_zhoubotong_dong	rg_donghai_islands	桃花岛顽童洞	海崖岩洞	64x56	微型	1	4	content/world/regions/rg_donghai_islands/sc_02_zhoubotong_dong.tmj	content/world/regions/rg_donghai_islands/sc_02_zhoubotong_dong.preview.png	docs/design/chapters/02-shediao.md:117	（原创扩展）洞壁凹室与海风侧隙；不用墓道对称布局。
shediao	sc_02_tiezhangfeng	rg_huxiang	铁掌峰墓穴	山峰墓穴	80x64	标准	2	4	content/world/regions/rg_huxiang/sc_02_tiezhangfeng.tmj	content/world/regions/rg_huxiang/sc_02_tiezhangfeng.preview.png	docs/design/chapters/02-shediao.md:118	（原创扩展）墓穴为现有铁掌峰场景子区；峰外完整地图仍由章节承接。
shediao	sc_02_taohua_qimenzhen	rg_donghai_islands	桃花岛奇门阵	林阵	80x72	标准	2	7	content/world/regions/rg_donghai_islands/sc_02_taohua_qimenzhen.tmj	content/world/regions/rg_donghai_islands/sc_02_taohua_qimenzhen.preview.png	docs/design/chapters/02-shediao.md:117	（原创扩展）林道回环模拟辨路；阵法偏移与开启条件由章节任务控制。
shendiao	sc_03_zhongnan_gumu	rg_guanzhong	终南古墓	古墓	96x80	标准	3	6	content/world/regions/rg_guanzhong/sc_03_zhongnan_gumu.tmj	content/world/regions/rg_guanzhong/sc_03_zhongnan_gumu.preview.png	docs/design/chapters/03-shendiao.md:180	（原创扩展）墓道、石室与地下水岸分区；断龙石落下后的水路状态未静态写死。
shendiao	sc_03_jueqinggu	rg_guanzhong	绝情谷	山谷	96x80	标准	2	10	content/world/regions/rg_guanzhong/sc_03_jueqinggu.tmj	content/world/regions/rg_guanzhong/sc_03_jueqinggu.preview.png	docs/design/chapters/03-shendiao.md:180	（原创扩展）花圃环绕干道；情花只置侧坪，不把毒花作必经地。
shendiao	sc_03_duanchangya	rg_guanzhong	断肠崖谷底	崖谷	80x72	标准	2	8	content/world/regions/rg_guanzhong/sc_03_duanchangya.tmj	content/world/regions/rg_guanzhong/sc_03_duanchangya.preview.png	docs/design/chapters/03-shendiao.md:242	（原创扩展）谷底回返段；上崖轻功和十六年相会门禁由章节消费。
shendiao	sc_03_jianzhong	rg_guanzhong	剑冢	山洞与剑台	80x72	标准	2	5	content/world/regions/rg_guanzhong/sc_03_jianzhong.tmj	content/world/regions/rg_guanzhong/sc_03_jianzhong.preview.png	docs/design/chapters/03-shendiao.md:180	（原创扩展）剑台不画成盗墓棺室；练剑溪岸、洞中避雨与观碑支路。
shendiao	sc_03_xiangyang_anchannel	rg_jingxiang	襄阳暗渠	地下水道	80x56	标准	2	4	content/world/regions/rg_jingxiang/sc_03_xiangyang_anchannel.tmj	content/world/regions/rg_jingxiang/sc_03_xiangyang_anchannel.preview.png	docs/design/chapters/03-shendiao.md:182	（原创扩展）涵洞干岸双路线，浅水仅在支渠；保护城防证据。
yitian	sc_04_qingyuan_wreck	rg_zhedong	庆元废船仓	船骸	64x56	微型	2	4	content/world/regions/rg_zhedong/sc_04_qingyuan_wreck.tmj	content/world/regions/rg_zhedong/sc_04_qingyuan_wreck.preview.png	docs/design/chapters/04-yitian.md:104	（原创扩展）沿龙骨斜列船舱；保留海舟听潮入口。
yitian	sc_04_guangming_tunnel	rg_xiyu_nanjiang	光明顶密道	密道	96x80	标准	3	5	content/world/regions/rg_xiyu_nanjiang/sc_04_guangming_tunnel.tmj	content/world/regions/rg_xiyu_nanjiang/sc_04_guangming_tunnel.preview.png	docs/design/chapters/04-yitian.md:216	（原创扩展）人工密道穿岩，三外围室与回环；乾坤遗刻只设调查位。
yitian	sc_04_jiuyang_valley	rg_xiyu_nanjiang	九阳山谷	隐谷	80x72	标准	2	10	content/world/regions/rg_xiyu_nanjiang/sc_04_jiuyang_valley.tmj	content/world/regions/rg_xiyu_nanjiang/sc_04_jiuyang_valley.preview.png	docs/design/chapters/04-yitian.md:216	（原创扩展）山坳果木与暖洞；原著获取资格不由地图调查自动授予。
yitian	sc_04_binghuo_cave	rg_liaodong	冰火岛内陆洞	火山岩洞	80x72	标准	2	5	content/world/regions/rg_liaodong/sc_04_binghuo_cave.tmj	content/world/regions/rg_liaodong/sc_04_binghuo_cave.preview.png	docs/design/chapters/04-yitian.md:204	（原创扩展）冷岩洞与暖石带分开；熔岩仅为后续贴片需求，不放致死必经格。
yitian	sc_04_wangpanshan_ruins	rg_donghai_islands	王盘山遗址	岛上旧台	80x64	标准	2	5	content/world/regions/rg_donghai_islands/sc_04_wangpanshan_ruins.tmj	content/world/regions/rg_donghai_islands/sc_04_wangpanshan_ruins.preview.png	docs/design/chapters/04-yitian.md:180	（原创扩展）海滩、碎台、旧盟坛；不是地下同构洞穴。
yitian	sc_04_xiangyang_ruins	rg_jingxiang	襄阳遗垒	旧战场	80x64	标准	2	4	content/world/regions/rg_jingxiang/sc_04_xiangyang_ruins.tmj	content/world/regions/rg_jingxiang/sc_04_xiangyang_ruins.preview.png	docs/design/chapters/04-yitian.md:192	（原创扩展）残墙与义冢外碑分区；遗民证词奖励，不设真实墓葬掠夺。
xiaoao	sc_05_siguoya	rg_guanzhong	思过崖	崖台	80x56	标准	1	3	content/world/regions/rg_guanzhong/sc_05_siguoya.tmj	content/world/regions/rg_guanzhong/sc_05_siguoya.preview.png	docs/design/chapters/05-xiaoao.md:208	（原创扩展）崖上思过与洞前练剑坪分开；后洞另图。
xiaoao	sc_05_huashan_houdong	rg_guanzhong	华山后洞	刻壁岩洞	80x72	标准	2	4	content/world/regions/rg_guanzhong/sc_05_huashan_houdong.tmj	content/world/regions/rg_guanzhong/sc_05_huashan_houdong.preview.png	docs/design/chapters/05-xiaoao.md:208	（原创扩展）石刻置不可进入的墙面；调查点位于墙前，断隙不锁核心。
xiaoao	sc_05_yaowangmiao	rg_guanzhong	药王庙	废庙	72x64	标准	2	4	content/world/regions/rg_guanzhong/sc_05_yaowangmiao.tmj	content/world/regions/rg_guanzhong/sc_05_yaowangmiao.preview.png	docs/design/chapters/05-xiaoao.md:208	（原创扩展）偏院药圃、断廊与后殿；南侧敞廊可避核心战区。
xiaoao	sc_05_meizhuang_dilao	rg_jiangnan_taihu	梅庄湖底地牢	地牢	80x64	标准	2	4	content/world/regions/rg_jiangnan_taihu/sc_05_meizhuang_dilao.tmj	content/world/regions/rg_jiangnan_taihu/sc_05_meizhuang_dilao.preview.png	docs/design/chapters/05-xiaoao.md:236	（原创扩展）曲折牢廊与检视窗；牢房不是随机宝库，换囚状态交剧情。
xiaoao	sc_05_taihu_jiuzhuang	rg_jiangnan_taihu	太湖旧庄	旧庄遗构	80x64	标准	2	4	content/world/regions/rg_jiangnan_taihu/sc_05_taihu_jiuzhuang.tmj	content/world/regions/rg_jiangnan_taihu/sc_05_taihu_jiuzhuang.preview.png	docs/design/chapters/05-xiaoao.md:236	（原创扩展）沿水废庄，半毁院落与独立书房；不套地牢形制。
xiake	sc_06_xiakedao_shishi	rg_nanhai_islands	侠客岛二十四石室	石室群	96x96	标准	3	24	content/world/regions/rg_nanhai_islands/sc_06_xiakedao_shishi.tmj	content/world/regions/rg_nanhai_islands/sc_06_xiakedao_shishi.preview.png	docs/design/chapters/06-xiake.md:233	（原创扩展）二十四室分三廊；外围为三组，第二十四室为核心；具体连廊为原创扩展。
xiake	sc_06_dinghai_chaodong	rg_zhedong	定海潮洞	海蚀洞	80x64	标准	2	5	content/world/regions/rg_zhedong/sc_06_dinghai_chaodong.tmj	content/world/regions/rg_zhedong/sc_06_dinghai_chaodong.preview.png	docs/design/chapters/06-xiake.md:209	（原创扩展）海蚀拱厅、退潮浅池与干燥上缘；不强制涉深水。
bixue	sc_07_lingnan_yizhan	rg_lingnan	岭南废驿	废驿	64x56	微型	1	3	content/world/regions/rg_lingnan/sc_07_lingnan_yizhan.tmj	content/world/regions/rg_lingnan/sc_07_lingnan_yizhan.preview.png	docs/design/chapters/07-bixue.md:114	（原创扩展）岭南残信入口；木构残础与雨沟，不复用白马土坯院。
bixue	sc_07_jinshedong	rg_guanzhong	金蛇洞	裂隙洞	80x72	标准	2	4	content/world/regions/rg_guanzhong/sc_07_jinshedong.tmj	content/world/regions/rg_guanzhong/sc_07_jinshedong.preview.png	docs/design/chapters/07-bixue.md:204	（原创扩展）狭缝绕石柱进入遗物窟；金蛇遗物资格不由地形自动发奖。
bixue	sc_07_kujin_didao	rg_yanjing_zhili	库银地道	库房地道	88x56	标准	2	4	content/world/regions/rg_yanjing_zhili/sc_07_kujin_didao.tmj	content/world/regions/rg_yanjing_zhili/sc_07_kujin_didao.preview.png	docs/design/chapters/07-bixue.md:273	（原创扩展）窄券洞接库房，库银与撤离口分离；库存结算不在地图内。
luding	sc_08_ludingshan_kuangdao	rg_liaodong	鹿鼎山矿道	矿洞	96x72	标准	2	4	content/world/regions/rg_liaodong/sc_08_ludingshan_kuangdao.tmj	content/world/regions/rg_liaodong/sc_08_ludingshan_kuangdao.preview.png	docs/design/chapters/08-luding.md:189	（原创扩展）横向掘进、狭长支硐与竖井绕道；地望待考，不是无限金矿。
luding	sc_08_shenlongdao_sheku	rg_donghai_islands	神龙岛蛇窟	蛇窟	80x64	标准	2	5	content/world/regions/rg_donghai_islands/sc_08_shenlongdao_sheku.tmj	content/world/regions/rg_donghai_islands/sc_08_shenlongdao_sheku.preview.png	docs/design/chapters/08-luding.md:190	（原创扩展）巢穴侧区与干燥巡护道分开；驱蛇条件交章节。
liancheng	sc_09_tianningsi	rg_jingxiang	天宁寺	寺院地宫	80x64	标准	2	4	content/world/regions/rg_jingxiang/sc_09_tianningsi.tmj	content/world/regions/rg_jingxiang/sc_09_tianningsi.preview.png	docs/design/chapters/09-liancheng.md:144	（原创扩展）佛腹藏物以调查点表达；毒金不可当普通安全宝箱。
liancheng	sc_09_xuegu_rukou	rg_qingzang	雪谷入口	峡口	72x64	标准	2	4	content/world/regions/rg_qingzang/sc_09_xuegu_rukou.tmj	content/world/regions/rg_qingzang/sc_09_xuegu_rukou.preview.png	docs/design/chapters/09-liancheng.md:204	（原创扩展）雪崩堆积形成窄口，安全回返带留在谷壁内侧。
liancheng	sc_09_xuegu	rg_qingzang	雪谷	雪谷	96x80	标准	2	8	content/world/regions/rg_qingzang/sc_09_xuegu.tmj	content/world/regions/rg_qingzang/sc_09_xuegu.preview.png	docs/design/chapters/09-liancheng.md:204	（原创扩展）U 形冰蚀谷、冻溪与风避坪；入谷及岩洞以真实双端门相连。
liancheng	sc_09_xuegu_shandong	rg_qingzang	雪谷山洞	雪洞	64x56	微型	2	5	content/world/regions/rg_qingzang/sc_09_xuegu_shandong.tmj	content/world/regions/rg_qingzang/sc_09_xuegu_shandong.preview.png	docs/design/chapters/09-liancheng.md:204	（原创扩展）岩檐、避风凹处、内洞；不添加刷新盗宝守卫。
liancheng	sc_09_qijia_laowu	rg_huxiang	戚家老屋	旧宅	64x48	微型	1	3	content/world/regions/rg_huxiang/sc_09_qijia_laowu.tmj	content/world/regions/rg_huxiang/sc_09_qijia_laowu.preview.png	docs/design/chapters/09-liancheng.md:129	（原创扩展）旧宅房基与柴院、砖灰夹室；地宫只作为宅内调查空间。
yuanyang	sc_11_zizhunan	rg_hedong_jinzhong	紫竹庵	庵院	64x56	微型	2	4	content/world/regions/rg_hedong_jinzhong/sc_11_zizhunan.tmj	content/world/regions/rg_hedong_jinzhong/sc_11_zizhunan.preview.png	docs/design/chapters/11-yuanyang.md:192	（原创扩展）庵门竹径、侧院和后堂；调查取证，不默认废弃或抢经。
yuanyang	sc_11_zhongtiaoshan	rg_hedong_jinzhong	中条山残壁	山崖遗刻	80x64	标准	2	4	content/world/regions/rg_hedong_jinzhong/sc_11_zhongtiaoshan.tmj	content/world/regions/rg_hedong_jinzhong/sc_11_zhongtiaoshan.preview.png	docs/design/chapters/11-yuanyang.md:194	（原创扩展）山脊、残壁与碑前平台；题刻内容仍由章节提供。
shujian	sc_12_yufeng_midong	rg_xiyu_nanjiang	玉峰秘洞	雪岭秘洞	80x72	标准	2	5	content/world/regions/rg_xiyu_nanjiang/sc_12_yufeng_midong.tmj	content/world/regions/rg_xiyu_nanjiang/sc_12_yufeng_midong.preview.png	docs/design/chapters/12-shujian.md:265	（原创扩展）昆仑玉峰洞文；精确地望、文字、同行人物待考。
shujian	sc_12_lanyang_shifosi	rg_zhongyuan	兰阳石佛寺	寺院库房	80x64	标准	2	4	content/world/regions/rg_zhongyuan/sc_12_lanyang_shifosi.tmj	content/world/regions/rg_zhongyuan/sc_12_lanyang_shifosi.preview.png	docs/design/chapters/12-shujian.md:201	（原创扩展）侧仓、粮道与正殿；赈济搜证，不定义盗取佛像财物。
shujian	sc_12_shacheng	rg_xiyu_nanjiang	沙城遗构	荒漠遗城	96x80	标准	2	4	content/world/regions/rg_xiyu_nanjiang/sc_12_shacheng.tmj	content/world/regions/rg_xiyu_nanjiang/sc_12_shacheng.preview.png	docs/design/chapters/12-shujian.md:265	（原创扩展）风蚀巷、旧渠与残厅；与高昌迷宫的室内窄巷分开。
feihu	sc_13_fengyugumiao	rg_huxiang	风雨古庙	古庙	72x64	标准	2	4	content/world/regions/rg_huxiang/sc_13_fengyugumiao.tmj	content/world/regions/rg_huxiang/sc_13_fengyugumiao.preview.png	docs/design/chapters/13-feihu.md:142	（原创扩展）破瓦天井、背风廊与旧殿；袁紫衣相关调查挂点。
feihu	sc_13_huyidaomu	rg_liaodong	胡一刀墓前	墓地外庭	80x64	标准	2	6	content/world/regions/rg_liaodong/sc_13_huyidaomu.tmj	content/world/regions/rg_liaodong/sc_13_huyidaomu.preview.png	docs/design/chapters/13-feihu.md:145	（原创扩展）仅墓前空地、守墓草庐与证物位置；不挖墓、不永久盗取冷月宝刀。
feihu	sc_13_yaowanggu	rg_jingxiang	药王谷药窖	药谷与药窖	96x80	标准	2	5	content/world/regions/rg_jingxiang/sc_13_yaowanggu.tmj	content/world/regions/rg_jingxiang/sc_13_yaowanggu.preview.png	docs/design/chapters/13-feihu.md:141	（原创扩展）药圃、排水沟、干燥药窖；不为采集绕过季节和资源定义。
xueshan	sc_14_chuangwang_vault	rg_liaodong	闯王宝藏洞	雪山宝洞	96x80	标准	3	6	content/world/regions/rg_liaodong/sc_14_chuangwang_vault.tmj	content/world/regions/rg_liaodong/sc_14_chuangwang_vault.preview.png	docs/design/chapters/14-xueshan.md:224	（原创扩展）外洞、冰廊、金银窟；封洞为剧情相位，基础地图保持回返可达。
baima	sc_10_wushui_shalu	rg_xiyu_beijiang	无水沙路	荒漠支路	96x64	标准	2	6	content/world/regions/rg_xiyu_beijiang/sc_10_wushui_shalu.tmj	content/world/regions/rg_xiyu_beijiang/sc_10_wushui_shalu.preview.png	docs/design/chapters/10-baima.md:274	（原创扩展）残图调查与沙暴救援沿线；不把低武主路铺成流沙。
baima	sc_10_qingzang_yaolu	rg_qingzang	青藏药庐风洞	风蚀岩洞	72x64	标准	2	5	content/world/regions/rg_qingzang/sc_10_qingzang_yaolu.tmj	content/world/regions/rg_qingzang/sc_10_qingzang_yaolu.preview.png	docs/design/chapters/10-baima.md:277	（原创扩展）白马 §9 清静地点的风洞；药庐只是入口，药物与打坐效果由上游绑定。
shendiao	sc_03_cangshan_yinzheju	rg_dali_cangshan	苍山隐者居瀑后洞	瀑后岩洞	80x64	标准	2	5	content/world/regions/rg_dali_cangshan/sc_03_cangshan_yinzheju.tmj	content/world/regions/rg_dali_cangshan/sc_03_cangshan_yinzheju.preview.png	docs/design/chapters/03-shendiao.md:184	（原创扩展）神雕 §3.2 一灯支脉的瀑后洞；不增造独立洞名，隐者居外景交场景后续扩展。
